,optimistic,realistic,pessimistic
inverse_harmonic_mean_rank,0.023148061506735818,0.02103564329445362,0.020061396605639693
hits_at_1,0.004271356783919598,0.004271356783919598,0.004271356783919598
hits_at_3,0.015829145728643215,0.014321608040201005,0.01407035175879397
hits_at_5,0.022613065326633167,0.01984924623115578,0.01934673366834171
hits_at_10,0.06658291457286432,0.027386934673366833,0.027135678391959798
