,optimistic,realistic,pessimistic
inverse_harmonic_mean_rank,0.007044845313878818,0.0061653717420995235,0.005838339563703627
hits_at_1,0.0031979533098816758,0.0031979533098816758,0.0031979533098816758
hits_at_3,0.004157339302846178,0.003837543971858011,0.003837543971858011
hits_at_5,0.007675087943716022,0.005116725295810681,0.005116725295810681
hits_at_10,0.009593859929645027,0.00799488327470419,0.006715701950751519
