,optimistic,realistic,pessimistic
inverse_harmonic_mean_rank,0.00775530837602281,0.007114637177437544,0.006866649926037444
hits_at_1,0.0037688442211055275,0.0037688442211055275,0.0037688442211055275
hits_at_3,0.005778894472361809,0.005778894472361809,0.005778894472361809
hits_at_5,0.008040201005025126,0.0067839195979899495,0.006532663316582915
hits_at_10,0.008542713567839196,0.008291457286432161,0.008291457286432161
