,optimistic,realistic,pessimistic
inverse_harmonic_mean_rank,0.017240132737689002,0.015648290514945984,0.014962086926453023
hits_at_1,0.0043172369683402625,0.0043172369683402625,0.0043172369683402625
hits_at_3,0.012472017908538535,0.011192836584585865,0.011032938919091781
hits_at_5,0.019027822193795972,0.01566997121842021,0.01566997121842021
hits_at_10,0.04173329069395587,0.020466901183242726,0.01982731052126639
