,optimistic,realistic,pessimistic
inverse_harmonic_mean_rank,0.007150510156608637,0.004964835941791534,0.004294621281590704
hits_at_1,0.001874015077303122,0.001086076919800673,0.001086076919800673
hits_at_3,0.003598960773457132,0.0022999275948720134,0.001874015077303122
hits_at_5,0.006047957749478257,0.003641552025214021,0.00344989139230802
hits_at_10,0.01207461987307807,0.007006260914008263,0.005877592742450701
