,optimistic,realistic,pessimistic
inverse_harmonic_mean_rank,0.027435420161499188,0.025131210684776306,0.024085834289202426
hits_at_1,0.005436520626798848,0.005436520626798848,0.005436520626798848
hits_at_3,0.02078669651423089,0.01854812919731372,0.018228333866325552
hits_at_5,0.030380556443875918,0.02622321714102974,0.02622321714102974
hits_at_10,0.0738727214582667,0.03293891909178126,0.03293891909178126
