,optimistic,realistic,pessimistic
inverse_harmonic_mean_rank,0.006325973621933221,0.004267485346645117,0.0038307848665279534
hits_at_1,0.0036202563993355764,0.0020869713360875675,0.0020869713360875675
hits_at_3,0.006346096511776481,0.0038758039098769114,0.003109161378252907
hits_at_5,0.007112739043400485,0.004855402700285362,0.004472081434473359
hits_at_10,0.008049746582052047,0.00689978278461604,0.005281315217854253
