,optimistic,realistic,pessimistic
inverse_harmonic_mean_rank,0.015451684941379312,0.014075140468776224,0.01346402326583857
hits_at_1,0.004020100502512563,0.004020100502512563,0.004020100502512563
hits_at_3,0.010804020100502512,0.010050251256281407,0.00992462311557789
hits_at_5,0.015326633165829147,0.013316582914572864,0.012939698492462312
hits_at_10,0.03756281407035176,0.017839195979899497,0.01771356783919598
