,optimistic,realistic,pessimistic
inverse_harmonic_mean_rank,0.007975046691284054,0.005662187002599239,0.004758457696653455
hits_at_1,0.0001277737552706674,8.518250351377826e-05,8.518250351377826e-05
hits_at_3,0.0008518250351377827,0.0007240512798671153,0.000638868776353337
hits_at_5,0.004983176455556028,0.002427701350142681,0.002427701350142681
hits_at_10,0.016099493164104094,0.007112739043400485,0.006473870267047149
