{
  "losses": [
    1.0941022415812924,
    0.8612896392671324,
    0.6906435498230749,
    0.5506547719454594,
    0.450003430997725
  ],
  "metrics": {
    "both": {
      "optimistic": {
        "adjusted_arithmetic_mean_rank": 0.6027854347020931,
        "adjusted_arithmetic_mean_rank_index": 0.39726245002423755,
        "adjusted_geometric_mean_rank_index": 0.640255104043091,
        "adjusted_hits_at_k": 0.016859658716876127,
        "adjusted_inverse_harmonic_mean_rank": 0.013744077554720829,
        "arithmetic_mean_rank": 5000.843420817711,
        "count": 22404.0,
        "geometric_mean_rank": 2197.1685077449033,
        "harmonic_mean_rank": 69.65726502641893,
        "hits_at_1": 0.010890912337082663,
        "hits_at_10": 0.017452240671308693,
        "hits_at_3": 0.012229958935904303,
        "hits_at_5": 0.014149259060881986,
        "inverse_arithmetic_mean_rank": 0.00019996626885720114,
        "inverse_geometric_mean_rank": 0.0004551312275208081,
        "inverse_harmonic_mean_rank": 0.01435600435389948,
        "inverse_median_rank": 0.00027693159789531985,
        "median_absolute_deviation": 4529.349777534614,
        "median_rank": 3611.0,
        "standard_deviation": 4583.989105670237,
        "variance": 21012956.12090342,
        "z_arithmetic_mean_rank": 102.98316512911401,
        "z_geometric_mean_rank": 95.98150458638,
        "z_hits_at_k": 102.75765626978223,
        "z_inverse_harmonic_mean_rank": 206.8811485179517
      },
      "pessimistic": {
        "adjusted_arithmetic_mean_rank": 0.6027860964598496,
        "adjusted_arithmetic_mean_rank_index": 0.3972617881867053,
        "adjusted_geometric_mean_rank_index": 0.6402542679407109,
        "adjusted_hits_at_k": 0.016859658716876127,
        "adjusted_inverse_harmonic_mean_rank": 0.013744069611325047,
        "arithmetic_mean_rank": 5000.848910908766,
        "count": 22404.0,
        "geometric_mean_rank": 2197.173611977756,
        "harmonic_mean_rank": 69.65730354495169,
        "hits_at_1": 0.010890912337082663,
        "hits_at_10": 0.017452240671308693,
        "hits_at_3": 0.012229958935904303,
        "hits_at_5": 0.014149259060881986,
        "inverse_arithmetic_mean_rank": 0.00019996604932786855,
        "inverse_geometric_mean_rank": 0.0004551301702098377,
        "inverse_harmonic_mean_rank": 0.014355996415432212,
        "inverse_median_rank": 0.00027693159789531985,
        "median_absolute_deviation": 4529.349777534614,
        "median_rank": 3611.0,
        "standard_deviation": 4583.991038435332,
        "variance": 21012973.840455428,
        "z_arithmetic_mean_rank": 102.98299355960407,
        "z_geometric_mean_rank": 95.9813792451466,
        "z_hits_at_k": 102.75765626978223,
        "z_inverse_harmonic_mean_rank": 206.88102895089918
      },
      "realistic": {
        "adjusted_arithmetic_mean_rank": 0.602785768659843,
        "adjusted_arithmetic_mean_rank_index": 0.39726211602622863,
        "adjusted_geometric_mean_rank_index": 0.6402545924591727,
        "adjusted_hits_at_k": 0.016859658716876127,
        "adjusted_inverse_harmonic_mean_rank": 0.013744073547260495,
        "arithmetic_mean_rank": 5000.84619140625,
        "count": 22404.0,
        "geometric_mean_rank": 2197.171630859375,
        "harmonic_mean_rank": 69.6572844590966,
        "hits_at_1": 0.010890912337082663,
        "hits_at_10": 0.017452240671308693,
        "hits_at_3": 0.012229958935904303,
        "hits_at_5": 0.014149259060881986,
        "inverse_arithmetic_mean_rank": 0.00019996616174466908,
        "inverse_geometric_mean_rank": 0.0004551305901259184,
        "inverse_harmonic_mean_rank": 0.014356000348925592,
        "inverse_median_rank": 0.00027693159063346684,
        "median_absolute_deviation": 4529.349777534614,
        "median_rank": 3611.0,
        "standard_deviation": 4583.990234375,
        "variance": 21012968.0,
        "z_arithmetic_mean_rank": 102.98307854612057,
        "z_geometric_mean_rank": 95.98142789414608,
        "z_hits_at_k": 102.75765626978223,
        "z_inverse_harmonic_mean_rank": 206.88108819611537
      }
    },
    "head": {
      "optimistic": {
        "adjusted_arithmetic_mean_rank": 0.7413803068791112,
        "adjusted_arithmetic_mean_rank_index": 0.2586509195293185,
        "adjusted_geometric_mean_rank_index": 0.4469249677294629,
        "adjusted_hits_at_k": 0.012883808293635574,
        "adjusted_inverse_harmonic_mean_rank": 0.011586967280261547,
        "arithmetic_mean_rank": 6140.914301017676,
        "count": 11202.0,
        "geometric_mean_rank": 3372.121791868447,
        "harmonic_mean_rank": 81.95972001415392,
        "hits_at_1": 0.010444563470808785,
        "hits_at_10": 0.013479735761471165,
        "hits_at_3": 0.010890912337082663,
        "hits_at_5": 0.011783610069630423,
        "inverse_arithmetic_mean_rank": 0.00016284220084854131,
        "inverse_geometric_mean_rank": 0.0002965491941635695,
        "inverse_harmonic_mean_rank": 0.012201115375056264,
        "inverse_median_rank": 0.0001889644746787604,
        "median_absolute_deviation": 5562.723523833019,
        "median_rank": 5292.0,
        "standard_deviation": 4678.572359086104,
        "variance": 21889039.319204513,
        "z_arithmetic_mean_rank": 47.41173566603467,
        "z_geometric_mean_rank": 47.37710553741041,
        "z_hits_at_k": 55.481519659216985,
        "z_inverse_harmonic_mean_rank": 123.22950678296914
      },
      "pessimistic": {
        "adjusted_arithmetic_mean_rank": 0.7413810181849543,
        "adjusted_arithmetic_mean_rank_index": 0.25865020813759043,
        "adjusted_geometric_mean_rank_index": 0.4469236844172607,
        "adjusted_hits_at_k": 0.012883808293635574,
        "adjusted_inverse_harmonic_mean_rank": 0.01158695866066652,
        "arithmetic_mean_rank": 6140.92019282271,
        "count": 11202.0,
        "geometric_mean_rank": 3372.1296139567316,
        "harmonic_mean_rank": 81.9597778794486,
        "hits_at_1": 0.010444563470808785,
        "hits_at_10": 0.013479735761471165,
        "hits_at_3": 0.010890912337082663,
        "hits_at_5": 0.011783610069630423,
        "inverse_arithmetic_mean_rank": 0.00016284204461226585,
        "inverse_geometric_mean_rank": 0.00029654850627957837,
        "inverse_harmonic_mean_rank": 0.012201106760817001,
        "inverse_median_rank": 0.0001889644746787604,
        "median_absolute_deviation": 5562.723523833019,
        "median_rank": 5292.0,
        "standard_deviation": 4678.57397161171,
        "variance": 21889054.40784256,
        "z_arithmetic_mean_rank": 47.411605265119675,
        "z_geometric_mean_rank": 47.3769694975334,
        "z_hits_at_k": 55.481519659216985,
        "z_inverse_harmonic_mean_rank": 123.22941511200656
      },
      "realistic": {
        "adjusted_arithmetic_mean_rank": 0.741380690727883,
        "adjusted_arithmetic_mean_rank_index": 0.2586505356341997,
        "adjusted_geometric_mean_rank_index": 0.4469242811776438,
        "adjusted_hits_at_k": 0.012883808293635574,
        "adjusted_inverse_harmonic_mean_rank": 0.011586963666675734,
        "arithmetic_mean_rank": 6140.91748046875,
        "count": 11202.0,
        "geometric_mean_rank": 3372.1259765625,
        "harmonic_mean_rank": 81.9597442729644,
        "hits_at_1": 0.010444563470808785,
        "hits_at_10": 0.013479735761471165,
        "hits_at_3": 0.010890912337082663,
        "hits_at_5": 0.011783610069630423,
        "inverse_arithmetic_mean_rank": 0.00016284211596939713,
        "inverse_geometric_mean_rank": 0.000296548823826015,
        "inverse_harmonic_mean_rank": 0.012201111763715744,
        "inverse_median_rank": 0.0001889644772745669,
        "median_absolute_deviation": 5562.723523833019,
        "median_rank": 5292.0,
        "standard_deviation": 4678.57275390625,
        "variance": 21889044.0,
        "z_arithmetic_mean_rank": 47.41166529654234,
        "z_geometric_mean_rank": 47.37703275821851,
        "z_hits_at_k": 55.481519659216985,